date_key,product_key,customer_key,salesperson_key,quantity,unit_price,discount,total_amount,profit,payment_method,shipping_mode
20250830,4,22,2,3,363.91,0.0,1091.73,251.75099999999998,PayPal,Express
20251207,3,81,2,3,298.97,0.0,896.91,266.9309999999999,Bank Transfer,Express
20250719,3,88,2,2,281.24,0.0,562.48,142.49400000000003,Bank Transfer,Standard
20251030,4,65,2,3,445.37,307.33,1028.78,188.80099999999993,Cash,Express
20251130,4,65,2,1,390.34,0.0,390.34,110.34699999999998,Bank Transfer,Express
20250408,1,65,2,4,1161.06,0.0,4644.24,1284.2399999999998,Bank Transfer,Express
20250321,2,1,1,1,48.11,0.0,48.11,15.917000000000002,Credit Card,Express
20260202,2,39,3,3,50.56,21.24,130.44,33.861000000000004,PayPal,Standard
20250702,2,80,2,3,43.07,18.92,110.29,13.711000000000013,Credit Card,Express
20250412,8,73,2,5,39.29,30.46,165.99,43.52500000000002,Bank Transfer,Express
20251219,7,22,2,2,41.12,0.0,82.24,26.253999999999998,Credit Card,Express
20260103,5,96,3,5,138.52,0.0,692.6,237.63500000000005,Credit Card,Standard
20251204,7,12,1,2,39.1,0.0,78.2,22.214000000000006,Cash,Standard
20251029,8,10,3,1,30.13,0.0,30.13,5.6370000000000005,Credit Card,Standard
20250720,8,85,3,3,36.14,10.37,98.05,24.570999999999998,Cash,Standard
20250415,7,81,2,2,35.76,13.55,57.97,1.9840000000000018,Bank Transfer,Standard
20250710,5,59,4,4,137.02,121.55,426.53,62.55799999999999,Credit Card,Standard
20250807,4,42,1,2,382.8,0.0,765.6,205.61400000000003,Bank Transfer,Standard
20250314,4,19,4,2,409.58,0.0,819.16,259.174,Bank Transfer,Express
20250803,6,20,3,1,72.56,4.84,67.72,11.727000000000004,Credit Card,Standard
20250904,3,90,3,1,259.67,28.2,231.47,21.477000000000004,Cash,Express
20251227,7,30,1,2,35.7,8.1,63.3,7.314,Credit Card,Express
20250417,6,49,1,1,87.78,0.0,87.78,31.787000000000006,PayPal,Next Day
20251107,6,96,3,1,71.61,0.0,71.61,15.617000000000004,Bank Transfer,Express
20250625,3,33,2,2,271.11,0.0,542.22,122.23400000000004,PayPal,Express
20250529,4,84,1,2,357.0,0.0,714.0,154.014,Cash,Next Day
20250914,1,37,4,1,1249.61,211.87,1037.74,197.74,Bank Transfer,Express
20251214,7,22,2,2,42.23,0.0,84.46,28.473999999999997,Bank Transfer,Standard
20250307,3,10,3,4,277.86,260.36,851.08,11.108000000000061,PayPal,Next Day
20250506,7,94,2,3,37.68,0.0,113.04,29.061000000000007,Cash,Standard
20250223,6,17,1,3,72.01,0.0,216.03,48.051000000000016,PayPal,Standard
20250614,7,47,1,3,35.75,0.0,107.25,23.271,Bank Transfer,Express
20251130,6,98,1,1,78.74,15.91,62.83,6.837000000000003,Credit Card,Standard
20250410,7,32,1,1,39.77,9.11,30.66,2.6670000000000016,Bank Transfer,Next Day
20250303,6,8,3,3,73.86,0.0,221.58,53.60100000000003,Credit Card,Express
20251029,5,27,2,1,137.84,18.07,119.77,28.777,Cash,Next Day
20251105,4,9,1,1,396.91,0.0,396.91,116.91700000000003,Bank Transfer,Express
20251108,3,69,1,3,278.07,0.0,834.21,204.231,Bank Transfer,Standard
20250528,6,24,1,2,81.35,10.54,152.16,40.17400000000001,Cash,Next Day
20250728,4,96,3,2,345.01,0.0,690.02,130.034,Credit Card,Standard
20250710,1,49,1,3,1359.42,0.0,4078.26,1558.2600000000002,Cash,Next Day
20250924,4,5,3,1,362.26,48.14,314.12,34.12700000000001,Cash,Express
20250222,6,86,1,3,90.52,55.39,216.17,48.191,Cash,Next Day
20250917,4,65,2,1,445.83,86.53,359.3,79.30700000000002,Credit Card,Express
20250521,6,95,2,1,77.48,4.47,73.01,17.01700000000001,Cash,Express
20251208,8,35,2,1,35.68,0.0,35.68,11.187000000000001,Bank Transfer,Standard
20250702,8,86,1,2,39.98,0.0,79.96,30.973999999999997,Credit Card,Standard
20251018,7,63,3,2,44.48,0.0,88.96,32.974,Credit Card,Standard
20251026,6,92,1,1,87.21,0.0,87.21,31.217,Cash,Next Day
20251127,7,27,2,1,36.75,0.0,36.75,8.757000000000001,Cash,Express
20250505,5,83,4,2,145.51,0.0,291.02,109.03399999999999,Credit Card,Express
20251206,5,94,2,1,146.15,0.0,146.15,55.15700000000001,PayPal,Standard
20251010,8,42,1,3,34.02,0.0,102.06,28.581000000000003,PayPal,Standard
20250227,7,19,4,1,40.68,0.0,40.68,12.687000000000001,Credit Card,Next Day
20251120,8,5,3,1,33.81,7.41,26.4,1.907,Cash,Standard
20250813,3,1,1,3,331.56,0.0,994.68,364.7009999999999,Credit Card,Express
20250618,2,72,4,2,45.52,0.0,91.04,26.65400000000001,PayPal,Next Day
20250901,1,58,3,3,1267.52,585.58,3216.98,696.98,PayPal,Next Day
20250515,7,25,1,2,44.05,0.0,88.1,32.114,Cash,Next Day
20250302,7,73,2,1,41.65,0.0,41.65,13.657,PayPal,Express
20260125,2,82,2,1,42.53,0.0,42.53,10.337000000000003,Credit Card,Express
20260108,5,38,2,2,129.41,51.2,207.62,25.634000000000015,Bank Transfer,Standard
20250402,1,51,4,5,1095.23,0.0,5476.15,1276.1499999999996,Cash,Standard
20250416,4,92,1,3,449.35,0.0,1348.05,508.0709999999999,PayPal,Express
20250430,4,73,2,1,424.39,0.0,424.39,144.397,Cash,Express
20250925,4,86,1,2,389.17,0.0,778.34,218.35400000000004,PayPal,Express
20251006,1,42,1,1,1040.78,238.13,802.65,-37.35000000000002,Credit Card,Express
20260114,2,53,1,2,42.07,0.0,84.14,19.754000000000005,Bank Transfer,Standard
20250824,8,34,1,1,35.84,6.05,29.79,5.297000000000001,Bank Transfer,Express
20250604,4,88,2,1,422.81,0.0,422.81,142.817,Credit Card,Standard
20250518,4,92,1,2,393.93,0.0,787.86,227.87400000000002,Cash,Express
20251108,8,15,3,1,33.3,0.0,33.3,8.806999999999999,Cash,Express
20251028,1,84,1,1,1128.58,0.0,1128.58,288.5799999999999,PayPal,Next Day
20250525,5,58,3,2,125.77,0.0,251.54,69.554,PayPal,Express
20250525,3,85,3,1,291.65,0.0,291.65,81.65699999999998,PayPal,Next Day
20250514,2,25,1,1,45.3,0.0,45.3,13.107,Credit Card,Next Day
20250512,1,12,1,1,1094.1,260.58,833.52,-6.480000000000018,Bank Transfer,Next Day
20251114,6,67,3,2,87.28,0.0,174.56,62.57400000000001,Cash,Express
20250313,4,44,2,2,399.89,0.0,799.78,239.79399999999998,Bank Transfer,Next Day
20250510,5,97,2,4,129.89,107.88,411.68,47.70800000000003,Credit Card,Express
20250710,1,57,3,1,1306.53,163.23,1143.3,303.29999999999995,Credit Card,Express
20250502,2,58,3,2,44.96,0.0,89.92,25.534000000000006,Cash,Express
20250212,3,34,1,1,265.21,0.0,265.21,55.216999999999985,Bank Transfer,Next Day
20260128,4,79,1,1,424.34,0.0,424.34,144.34699999999998,Cash,Next Day
20250916,8,36,4,1,33.08,3.92,29.16,4.667000000000002,Cash,Next Day
20250822,7,22,2,1,39.3,5.76,33.54,5.547000000000001,Bank Transfer,Next Day
20251208,3,75,1,3,262.24,0.0,786.72,156.74099999999999,Cash,Next Day
20260115,1,71,1,1,1345.78,0.0,1345.78,505.78,Credit Card,Next Day
20251211,7,25,1,2,45.57,7.28,83.86,27.874000000000002,Cash,Next Day
20250919,1,49,1,3,1284.87,0.0,3854.61,1334.6100000000001,Credit Card,Next Day
20250514,1,9,1,1,1201.07,0.0,1201.07,361.06999999999994,Credit Card,Standard
20250806,4,71,1,1,421.72,0.0,421.72,141.72700000000003,Credit Card,Express
20251001,8,21,1,1,37.38,0.0,37.38,12.887000000000004,PayPal,Express
20250730,5,46,1,1,138.4,9.24,129.16,38.167,PayPal,Next Day
20250714,3,90,3,1,306.2,62.77,243.43,33.43700000000001,Bank Transfer,Next Day
20250513,6,4,1,1,80.69,0.0,80.69,24.697000000000003,PayPal,Next Day
20250828,8,46,1,3,35.46,0.0,106.38,32.900999999999996,PayPal,Standard
20251205,2,92,1,3,50.75,25.67,126.58,30.001000000000005,PayPal,Next Day
20250326,4,59,4,1,419.6,0.0,419.6,139.60700000000003,Cash,Standard
20250302,4,97,2,2,431.42,0.0,862.84,302.85400000000004,Credit Card,Next Day
20250428,5,20,3,1,133.16,25.27,107.89,16.897000000000006,PayPal,Next Day
20250917,5,15,3,1,124.67,0.0,124.67,33.67700000000001,Credit Card,Standard
20250426,1,74,1,1,1330.09,211.83,1118.26,278.26,Credit Card,Next Day
20250416,3,20,3,2,303.29,0.0,606.58,186.59400000000005,Cash,Express
20250425,2,17,1,3,49.62,0.0,148.86,52.28100000000002,Bank Transfer,Express
20250810,8,53,1,1,39.11,0.0,39.11,14.617,PayPal,Standard
20251218,8,80,2,1,38.05,0.0,38.05,13.556999999999999,Cash,Next Day
20251004,5,69,1,1,111.46,24.05,87.41,-3.5829999999999984,Cash,Standard
20251028,2,68,1,3,43.92,0.0,131.76,35.181,Credit Card,Express
20251103,5,89,3,1,119.7,0.0,119.7,28.707000000000008,Cash,Next Day
20260107,7,64,4,1,38.47,4.55,33.92,5.927000000000003,PayPal,Express
20250401,5,1,1,1,140.23,0.0,140.23,49.236999999999995,Cash,Next Day
20250824,1,72,4,1,1203.76,126.39,1077.37,237.3699999999999,Bank Transfer,Standard
20250418,3,6,2,2,304.06,59.27,548.85,128.86400000000003,Credit Card,Next Day
20250322,7,72,4,3,36.89,0.0,110.67,26.691000000000003,Cash,Express
20250907,1,42,1,2,1346.93,0.0,2693.86,1013.8600000000001,Credit Card,Standard
20250930,6,79,1,1,78.55,6.23,72.32,16.326999999999998,Credit Card,Next Day
20251119,5,75,1,1,114.62,0.0,114.62,23.62700000000001,Credit Card,Standard
20260204,7,66,3,2,41.66,0.0,83.32,27.333999999999996,Cash,Next Day
20251112,8,72,4,1,30.46,0.0,30.46,5.967000000000002,Bank Transfer,Standard
20250221,7,83,4,1,43.98,7.75,36.23,8.236999999999998,PayPal,Standard
20251126,6,96,3,3,75.04,49.19,175.93,7.951000000000022,Credit Card,Express
20250626,2,66,3,3,43.31,0.0,129.93,33.35100000000001,Bank Transfer,Next Day
20250307,3,12,1,5,279.45,75.28,1321.97,272.0050000000001,Cash,Express
20250510,3,15,3,1,301.68,28.74,272.94,62.947,Bank Transfer,Standard
20251123,8,50,1,1,32.51,8.11,24.4,-0.09299999999999997,PayPal,Express
20250426,2,11,4,1,46.77,0.0,46.77,14.577000000000005,PayPal,Standard
20250725,6,80,2,2,87.94,39.96,135.92,23.933999999999997,Cash,Next Day
20250604,2,46,1,2,46.64,0.0,93.28,28.894000000000005,PayPal,Standard
20250925,2,32,1,2,41.99,18.18,65.8,1.4140000000000015,Credit Card,Express
20250725,8,35,2,2,39.62,0.0,79.24,30.253999999999998,Cash,Express
20251111,2,58,3,4,40.5,0.0,162.0,33.22800000000001,PayPal,Express
20250830,5,90,3,4,147.75,0.0,591.0,227.02800000000002,PayPal,Standard
20250214,4,59,4,2,386.73,120.8,652.66,92.67399999999998,PayPal,Next Day
20260126,6,80,2,3,84.44,0.0,253.32,85.34100000000001,Credit Card,Next Day
20250223,3,30,1,2,314.79,0.0,629.58,209.59400000000005,Cash,Next Day
20251114,2,53,1,1,44.24,7.35,36.89,4.697000000000003,Cash,Standard
20250725,6,50,1,1,82.77,11.58,71.19,15.197000000000003,PayPal,Next Day
20260204,5,23,3,3,126.87,0.0,380.61,107.63100000000003,Cash,Next Day
20250315,7,53,1,2,36.15,0.0,72.3,16.314,Bank Transfer,Next Day
20250528,3,93,1,3,337.54,0.0,1012.62,382.64099999999996,PayPal,Next Day
20250304,4,98,1,1,343.11,0.0,343.11,63.11700000000002,Cash,Express
20250305,4,77,2,2,409.22,0.0,818.44,258.45400000000006,Cash,Standard
20251213,1,28,2,1,1291.26,0.0,1291.26,451.26,Credit Card,Standard
20251226,5,21,1,3,117.38,0.0,352.14,79.161,PayPal,Express
20251126,3,83,4,1,264.6,0.0,264.6,54.60700000000003,Cash,Next Day
20250606,5,66,3,1,135.23,0.0,135.23,44.236999999999995,Cash,Next Day
20251114,5,52,1,5,136.64,117.94,565.26,110.29500000000002,Cash,Express
20251203,3,17,1,1,285.07,17.54,267.53,57.53699999999998,Bank Transfer,Standard
20251029,6,100,4,1,77.92,0.0,77.92,21.927000000000007,Credit Card,Next Day
20250731,2,36,4,1,42.58,0.0,42.58,10.387,Credit Card,Standard
20250925,2,14,4,1,47.62,0.0,47.62,15.427,PayPal,Next Day
20250623,5,65,2,3,144.59,93.71,340.06,67.08100000000002,Credit Card,Standard
20251014,5,32,1,1,128.76,0.0,128.76,37.766999999999996,Credit Card,Next Day
20250304,8,1,1,1,32.15,2.22,29.93,5.437000000000001,Bank Transfer,Express
20250412,2,61,4,2,39.8,0.0,79.6,15.213999999999999,Credit Card,Next Day
20250617,7,94,2,2,41.03,0.0,82.06,26.074000000000005,Cash,Next Day
20251202,3,45,3,1,300.65,0.0,300.65,90.65699999999998,Credit Card,Express
20250219,2,75,1,2,49.2,0.0,98.4,34.01400000000001,Bank Transfer,Next Day
20250804,2,53,1,3,42.45,0.0,127.35,30.771,Cash,Express
20251127,4,59,4,4,340.65,0.0,1362.6,242.62799999999993,Credit Card,Next Day
20251229,6,84,1,1,82.4,0.0,82.4,26.40700000000001,PayPal,Next Day
20251108,5,83,4,3,114.52,0.0,343.56,70.58100000000002,Cash,Standard
20251205,7,99,3,5,34.38,0.0,171.9,31.935000000000002,Bank Transfer,Standard
20250423,2,25,1,1,49.11,0.0,49.11,16.917,Cash,Next Day
20251112,3,40,2,1,321.88,0.0,321.88,111.887,Credit Card,Next Day
20250311,7,99,3,1,37.92,0.0,37.92,9.927000000000003,PayPal,Next Day
20251112,2,64,4,1,52.07,0.0,52.07,19.877000000000002,Bank Transfer,Standard
20250302,7,13,1,2,42.13,9.12,75.14,19.154000000000003,PayPal,Express
20251204,1,36,4,3,1337.87,0.0,4013.61,1493.6100000000001,Bank Transfer,Express
20260118,2,100,4,3,40.92,0.0,122.76,26.18100000000001,Credit Card,Express
20250622,6,8,3,3,69.46,0.0,208.38,40.40100000000001,Cash,Express
20251016,7,40,2,2,42.63,0.0,85.26,29.274000000000008,Credit Card,Express
20250314,5,97,2,4,143.96,0.0,575.84,211.86800000000005,Bank Transfer,Next Day
20250705,4,80,2,1,431.19,0.0,431.19,151.197,Credit Card,Standard
20250514,2,20,3,4,48.85,0.0,195.4,66.62800000000001,Cash,Express
20250523,1,27,2,4,1260.62,0.0,5042.48,1682.4799999999996,Credit Card,Next Day
20260202,1,61,4,1,1177.2,103.84,1073.36,233.3599999999999,PayPal,Next Day
20251201,6,47,1,1,72.78,10.15,62.63,6.637000000000008,PayPal,Express
20250822,1,13,1,2,1151.43,492.42,1810.44,130.44000000000005,Cash,Next Day
20250611,6,86,1,1,91.61,0.0,91.61,35.617000000000004,PayPal,Express
20250804,5,20,3,1,143.78,0.0,143.78,52.787000000000006,Cash,Express
20251201,3,27,2,1,322.39,0.0,322.39,112.39699999999999,Credit Card,Express
20250207,5,64,4,1,130.04,0.0,130.04,39.047,PayPal,Next Day
20250726,2,44,2,2,39.66,14.19,65.13,0.7439999999999998,Credit Card,Express
20250427,3,65,2,4,332.49,0.0,1329.96,489.98800000000006,PayPal,Standard
20250821,1,88,2,2,1176.4,0.0,2352.8,672.8000000000002,PayPal,Standard
20250314,6,47,1,4,86.26,0.0,345.04,121.06800000000004,Bank Transfer,Next Day
20260101,5,11,4,1,125.35,0.0,125.35,34.357,PayPal,Express
20250308,2,23,3,1,43.61,0.0,43.61,11.417000000000002,Bank Transfer,Standard
20250718,5,79,1,1,135.2,0.0,135.2,44.206999999999994,PayPal,Standard
20251109,7,95,2,2,38.24,0.0,76.48,20.494000000000007,PayPal,Standard
20250612,2,12,1,1,41.59,0.0,41.59,9.397000000000006,PayPal,Express
20250214,8,68,1,3,37.17,0.0,111.51,38.031000000000006,Cash,Standard
20250506,6,94,2,1,69.63,7.42,62.21,6.217000000000006,PayPal,Express
20250221,3,46,1,3,321.73,0.0,965.19,335.211,Cash,Standard
20260126,5,100,4,3,125.06,0.0,375.18,102.20100000000002,Bank Transfer,Express
20251112,5,22,2,2,145.38,0.0,290.76,108.774,Bank Transfer,Next Day
20251122,3,54,1,1,256.6,58.75,197.85,-12.143,Cash,Standard
20250724,4,63,3,3,411.24,0.0,1233.72,393.741,Bank Transfer,Standard
20260101,6,18,1,1,79.66,0.0,79.66,23.667,Cash,Express
20250708,2,86,1,2,50.57,0.0,101.14,36.754000000000005,Credit Card,Standard
20251020,3,3,3,1,328.41,65.28,263.13,53.137,Credit Card,Express
20251010,4,95,2,1,458.24,0.0,458.24,178.247,Credit Card,Standard
20250316,5,18,1,5,137.93,0.0,689.65,234.685,Credit Card,Standard
20260118,1,27,2,1,1235.4,0.0,1235.4,395.4000000000001,Cash,Express
20250318,7,51,4,4,40.71,29.69,133.15,21.17800000000001,PayPal,Express
20250522,2,79,1,1,52.57,12.7,39.87,7.677,PayPal,Next Day
20250314,6,64,4,1,74.77,0.0,74.77,18.777,Credit Card,Standard
20251106,5,15,3,1,126.51,0.0,126.51,35.51700000000001,Credit Card,Next Day
20250921,4,39,3,2,387.29,0.0,774.58,214.59400000000005,Bank Transfer,Standard
20250526,1,12,1,4,1206.92,1109.9,3717.78,357.7800000000002,Bank Transfer,Next Day
20250502,8,8,3,1,30.09,0.0,30.09,5.597000000000001,Bank Transfer,Express
20260126,5,32,1,1,142.17,0.0,142.17,51.17699999999999,PayPal,Next Day
20251004,3,34,1,1,304.42,0.0,304.42,94.42700000000002,Cash,Standard
20251028,8,10,3,1,34.17,2.46,31.71,7.217000000000002,PayPal,Next Day
20250304,5,86,1,1,121.08,29.0,92.08,1.0870000000000033,Cash,Next Day
20250410,1,86,1,1,1074.76,0.0,1074.76,234.76,Bank Transfer,Standard
20250417,1,36,4,5,1247.99,641.89,5598.06,1398.0600000000004,PayPal,Express
20250706,6,73,2,2,75.35,0.0,150.7,38.714,PayPal,Next Day
20260106,2,1,1,2,40.88,10.68,71.08,6.694000000000003,Cash,Standard
20250810,4,55,1,1,409.46,0.0,409.46,129.46699999999998,Credit Card,Next Day
20251129,7,63,3,3,43.39,0.0,130.17,46.19099999999999,PayPal,Standard
20251013,5,4,1,3,115.85,0.0,347.55,74.57100000000003,Bank Transfer,Next Day
20250830,6,82,2,3,73.53,0.0,220.59,52.61100000000002,PayPal,Standard
20250727,8,70,2,2,32.29,0.0,64.58,15.594000000000001,Credit Card,Next Day
20251006,5,51,4,3,115.82,22.9,324.56,51.58100000000002,Bank Transfer,Standard
20250704,8,91,3,1,31.83,5.56,26.27,1.777000000000001,Bank Transfer,Express
20250714,7,25,1,3,35.13,0.0,105.39,21.411,Cash,Express
20250723,1,36,4,4,1211.73,1181.16,3665.76,305.7600000000002,Bank Transfer,Next Day
20250713,8,95,2,1,39.77,0.0,39.77,15.277000000000005,Credit Card,Express
20250927,1,26,2,2,1122.39,0.0,2244.78,564.7800000000002,Bank Transfer,Express
20250811,1,40,2,5,1216.68,0.0,6083.4,1883.3999999999996,Cash,Next Day
20250503,6,29,4,1,80.63,0.0,80.63,24.637,Credit Card,Next Day
20250706,7,41,2,3,36.9,0.0,110.7,26.721000000000004,Credit Card,Express
20251108,8,13,1,1,32.77,1.72,31.05,6.557000000000002,Bank Transfer,Standard
20260205,2,41,2,1,46.98,0.0,46.98,14.786999999999999,Bank Transfer,Express
20251208,2,29,4,1,41.05,4.22,36.83,4.6370000000000005,PayPal,Next Day
20250618,3,41,2,2,315.92,0.0,631.84,211.85400000000004,Credit Card,Next Day
20251004,6,12,1,1,79.83,5.66,74.17,18.177000000000007,Credit Card,Next Day
20250908,8,54,1,4,34.28,0.0,137.12,39.14800000000001,PayPal,Express
20250626,5,56,1,3,137.36,0.0,412.08,139.101,Cash,Express
20251208,6,39,3,1,90.4,0.0,90.4,34.40700000000001,PayPal,Standard
20250813,6,75,1,1,84.49,0.0,84.49,28.497,PayPal,Standard
20260108,7,15,3,1,34.99,0.0,34.99,6.997000000000003,Cash,Next Day
20251222,8,86,1,2,36.75,0.0,73.5,24.514000000000003,PayPal,Next Day
20250720,3,50,1,5,328.68,0.0,1643.4,593.4350000000002,Credit Card,Next Day
20250611,8,3,3,1,37.91,0.0,37.91,13.416999999999998,Bank Transfer,Standard
20250523,5,50,1,3,120.46,18.61,342.77,69.791,Credit Card,Express
20250510,5,5,3,3,145.82,0.0,437.46,164.481,Credit Card,Standard
20250901,8,56,1,1,32.36,7.39,24.97,0.4770000000000003,PayPal,Express
20251127,4,81,2,1,364.46,0.0,364.46,84.46699999999998,PayPal,Next Day
20251125,7,59,4,3,43.97,26.79,105.12,21.141000000000005,PayPal,Standard
20250526,7,15,3,1,37.34,0.0,37.34,9.347000000000005,PayPal,Next Day
20250528,1,64,4,1,1070.72,0.0,1070.72,230.72000000000003,Bank Transfer,Express
20250406,8,32,1,1,32.73,0.0,32.73,8.236999999999998,PayPal,Next Day
20251028,8,50,1,1,35.04,0.0,35.04,10.547,Bank Transfer,Next Day
20250321,4,22,2,1,443.78,0.0,443.78,163.78699999999998,PayPal,Next Day
20250219,4,48,1,1,359.1,40.85,318.25,38.257000000000005,Credit Card,Standard
20250723,1,25,1,2,1282.81,0.0,2565.62,885.6199999999999,PayPal,Express
20250528,5,76,4,3,142.48,0.0,427.44,154.461,PayPal,Standard
20251221,1,42,1,1,1299.86,0.0,1299.86,459.8599999999999,Credit Card,Standard
20251001,4,23,3,1,446.86,0.0,446.86,166.86700000000002,Bank Transfer,Next Day
20251227,7,49,1,2,37.44,0.0,74.88,18.894,Credit Card,Standard
20260203,2,13,1,1,43.63,0.0,43.63,11.437000000000005,Credit Card,Express
20250828,8,92,1,2,37.4,0.0,74.8,25.814,PayPal,Express
20251027,2,96,3,1,42.31,0.0,42.31,10.117000000000004,Bank Transfer,Express
20250414,4,4,1,1,428.97,50.56,378.41,98.41700000000003,Bank Transfer,Express
20250811,5,46,1,3,119.25,0.0,357.75,84.77100000000002,Credit Card,Express
20251119,1,80,2,1,1212.65,0.0,1212.65,372.6500000000001,PayPal,Next Day
20250922,5,54,1,2,118.41,0.0,236.82,54.834,PayPal,Standard
20251109,4,84,1,2,380.86,0.0,761.72,201.73400000000004,Cash,Standard
20250515,2,99,3,4,44.17,0.0,176.68,47.908000000000015,Credit Card,Next Day
20260106,4,60,4,1,391.8,0.0,391.8,111.80700000000002,PayPal,Standard
20250502,3,64,4,2,344.25,0.0,688.5,268.514,Bank Transfer,Next Day
20250821,8,20,3,2,30.72,0.0,61.44,12.454,Bank Transfer,Express
20251204,6,53,1,1,77.74,0.0,77.74,21.747,Bank Transfer,Standard
20250829,1,99,3,3,1358.93,0.0,4076.79,1556.79,Bank Transfer,Next Day
20250310,5,62,1,2,125.03,48.37,201.69,19.704000000000008,Cash,Express
20250803,3,33,2,1,312.42,0.0,312.42,102.42700000000002,PayPal,Standard
20260125,8,22,2,2,33.56,0.0,67.12,18.134000000000007,Credit Card,Express
20250520,7,54,1,2,37.34,0.0,74.68,18.69400000000001,Credit Card,Standard
20251111,2,13,1,3,40.8,0.0,122.4,25.821000000000012,Credit Card,Express
20250909,2,9,1,3,52.72,0.0,158.16,61.581,Credit Card,Standard
20250328,6,16,1,1,81.06,0.0,81.06,25.067000000000007,Cash,Next Day
20260106,4,46,1,3,393.71,154.99,1026.14,186.16100000000006,Bank Transfer,Standard
20250621,4,17,1,1,389.2,0.0,389.2,109.207,Credit Card,Standard
20250910,4,26,2,2,360.88,0.0,721.76,161.774,Credit Card,Next Day
20250527,6,62,1,1,78.23,0.0,78.23,22.23700000000001,PayPal,Standard
20250705,1,27,2,4,1100.47,0.0,4401.88,1041.88,Bank Transfer,Next Day
20250604,5,24,1,1,131.42,0.0,131.42,40.42699999999999,PayPal,Standard
20250213,3,71,1,1,342.62,0.0,342.62,132.627,Credit Card,Next Day
20250826,6,49,1,1,75.39,0.0,75.39,19.397000000000006,Credit Card,Standard
20250704,3,51,4,1,298.64,42.07,256.57,46.577,Cash,Express
20260112,8,17,1,1,30.57,0.0,30.57,6.077000000000002,PayPal,Next Day
20250911,6,79,1,1,86.39,18.84,67.55,11.557000000000002,Cash,Standard
20250216,8,94,2,1,36.81,0.0,36.81,12.317000000000004,Credit Card,Next Day
20250406,3,99,3,3,337.76,0.0,1013.28,383.30099999999993,Cash,Standard
20250616,2,68,1,1,40.12,0.0,40.12,7.927,PayPal,Next Day
20250720,1,61,4,1,1122.87,0.0,1122.87,282.8699999999999,PayPal,Express
20250330,4,34,1,3,370.93,0.0,1112.79,272.8109999999999,PayPal,Standard
20250309,7,71,1,1,37.81,0.0,37.81,9.817000000000004,PayPal,Next Day
20250930,6,1,1,1,85.83,0.0,85.83,29.837000000000003,Credit Card,Standard
20251228,6,12,1,2,71.69,0.0,143.38,31.394000000000005,PayPal,Express
20250926,7,59,4,1,35.79,0.0,35.79,7.797000000000001,Cash,Next Day
20251127,1,61,4,1,1298.31,295.22,1003.09,163.09000000000003,Bank Transfer,Express
20250325,1,79,1,1,1069.35,0.0,1069.35,229.3499999999999,Cash,Standard
20251101,2,39,3,2,43.39,0.0,86.78,22.394000000000005,Cash,Express
20250915,8,93,1,3,30.31,8.18,82.75,9.271,PayPal,Next Day
20250207,2,32,1,2,51.4,0.0,102.8,38.414,Cash,Next Day
20250629,8,96,3,1,34.39,0.0,34.39,9.897000000000002,Bank Transfer,Standard
20250327,6,34,1,1,84.19,0.0,84.19,28.197000000000003,Credit Card,Standard
20250329,3,92,1,1,326.36,0.0,326.36,116.36700000000002,Cash,Next Day
20250927,5,36,4,1,141.15,0.0,141.15,50.15700000000001,PayPal,Next Day
20260109,3,97,2,4,332.8,263.35,1067.85,227.87799999999993,Bank Transfer,Standard
20250912,7,35,2,2,38.71,0.0,77.42,21.434000000000005,Credit Card,Express
20251128,2,49,1,2,49.17,16.33,82.01,17.62400000000001,Bank Transfer,Express
20260116,4,86,1,1,436.01,0.0,436.01,156.017,Bank Transfer,Next Day
20250912,8,92,1,2,36.58,15.21,57.95,8.964000000000006,Credit Card,Standard
20250516,7,15,3,2,37.59,0.0,75.18,19.19400000000001,Credit Card,Next Day
20250821,2,16,1,2,43.69,0.0,87.38,22.994,Cash,Express
20251120,8,58,3,2,37.21,17.22,57.2,8.214000000000006,PayPal,Standard
20250328,4,77,2,2,379.33,184.99,573.67,13.683999999999969,Cash,Standard
20250614,3,76,4,2,300.58,0.0,601.16,181.17399999999998,PayPal,Next Day
20250706,2,77,2,3,50.24,0.0,150.72,54.141000000000005,PayPal,Express
20260124,1,68,1,1,1049.29,0.0,1049.29,209.28999999999996,Credit Card,Next Day
20250516,5,65,2,1,128.44,0.0,128.44,37.447,PayPal,Next Day
20250703,6,51,4,1,69.52,16.37,53.15,-2.8429999999999964,Credit Card,Express
20251106,4,37,4,2,444.32,0.0,888.64,328.654,Bank Transfer,Standard
20250326,8,60,4,3,36.89,0.0,110.67,37.191,Cash,Next Day
20250402,6,59,4,3,81.9,0.0,245.7,77.721,PayPal,Standard
20251102,8,24,1,1,30.45,0.0,30.45,5.957000000000001,Bank Transfer,Next Day
20251202,4,29,4,2,413.7,0.0,827.4,267.414,Bank Transfer,Standard
20250407,6,13,1,1,75.04,0.0,75.04,19.04700000000001,Credit Card,Standard
20251105,6,79,1,1,76.23,0.0,76.23,20.23700000000001,PayPal,Standard
20250918,2,6,2,1,46.24,0.0,46.24,14.047000000000004,PayPal,Next Day
20250223,5,50,1,3,112.23,0.0,336.69,63.71100000000001,Bank Transfer,Express
20250527,7,15,3,1,38.18,7.59,30.59,2.5970000000000013,Credit Card,Express
20251016,1,68,1,1,1138.39,0.0,1138.39,298.3900000000001,Bank Transfer,Standard
20250512,2,9,1,1,42.25,9.96,32.29,0.09700000000000131,Cash,Express
20250501,2,72,4,4,45.25,25.03,155.97,27.198000000000008,PayPal,Express
20250607,6,13,1,2,71.52,27.42,115.62,3.6340000000000146,Credit Card,Standard
20250819,5,19,4,1,117.45,0.0,117.45,26.457000000000008,Credit Card,Express
20250707,1,31,3,1,1033.31,178.23,855.08,15.080000000000041,Bank Transfer,Next Day
20250524,8,8,3,3,32.13,0.0,96.39,22.911,Cash,Standard
20251001,5,10,3,4,143.16,0.0,572.64,208.668,Cash,Express
20251226,6,61,4,1,89.65,0.0,89.65,33.65700000000001,Bank Transfer,Standard
20250921,3,82,2,1,329.28,0.0,329.28,119.28699999999998,Cash,Next Day
20250831,7,40,2,1,37.38,0.0,37.38,9.387000000000004,Bank Transfer,Standard
20251116,2,50,1,1,50.8,0.0,50.8,18.607,Bank Transfer,Next Day
20250405,4,8,3,1,426.54,96.39,330.15,50.15699999999998,Bank Transfer,Express
20251005,7,34,1,2,45.36,0.0,90.72,34.734,Bank Transfer,Standard
20250828,4,26,2,1,347.53,0.0,347.53,67.53699999999998,Credit Card,Next Day
20250404,1,67,3,4,1125.54,0.0,4502.16,1142.1599999999999,Credit Card,Next Day
20251129,2,44,2,3,42.01,12.96,113.07,16.491,PayPal,Express
20260107,2,99,3,1,44.3,0.0,44.3,12.107,Bank Transfer,Standard
20250923,1,73,2,1,1212.68,0.0,1212.68,372.68000000000006,PayPal,Standard
20250423,3,12,1,2,269.21,0.0,538.42,118.43399999999997,Cash,Standard
20251030,8,41,2,4,34.04,0.0,136.16,38.188,PayPal,Next Day
20260123,1,82,2,2,1127.71,0.0,2255.42,575.4200000000001,Bank Transfer,Standard
20251031,4,90,3,1,450.7,0.0,450.7,170.707,PayPal,Express
20250304,4,8,3,1,383.22,0.0,383.22,103.22700000000003,Bank Transfer,Standard
20250528,5,57,3,2,121.01,26.9,215.12,33.134000000000015,Credit Card,Next Day
20251223,1,12,1,1,1149.18,0.0,1149.18,309.18000000000006,Cash,Next Day
20250606,5,40,2,1,112.59,10.66,101.93,10.937000000000012,PayPal,Next Day
20250805,4,99,3,1,388.12,90.35,297.77,17.776999999999987,PayPal,Next Day
20250806,4,41,2,1,450.92,47.88,403.04,123.04700000000003,Cash,Standard
20250221,6,29,4,1,74.0,0.0,74.0,18.007000000000005,PayPal,Next Day
20250616,2,95,2,3,45.16,0.0,135.48,38.900999999999996,Cash,Next Day
20251013,2,43,1,3,48.89,0.0,146.67,50.090999999999994,Bank Transfer,Next Day
20250527,2,87,2,2,41.38,0.0,82.76,18.37400000000001,Credit Card,Next Day
20251218,4,5,3,1,426.87,0.0,426.87,146.877,Credit Card,Express
20250225,4,33,2,2,364.74,80.23,649.25,89.26400000000001,Credit Card,Standard
20250313,7,27,2,1,37.82,9.26,28.56,0.5670000000000002,Credit Card,Next Day
20251028,5,62,1,1,132.82,12.18,120.64,29.647000000000006,Credit Card,Next Day
20250401,3,62,1,1,283.01,0.0,283.01,73.017,Credit Card,Next Day
20250612,2,94,2,2,44.72,0.0,89.44,25.054000000000002,Cash,Standard
20250309,5,15,3,1,116.95,0.0,116.95,25.957000000000008,Cash,Next Day
20250718,8,3,3,3,33.82,0.0,101.46,27.980999999999995,PayPal,Express
20251010,7,34,1,1,44.8,5.44,39.36,11.367,Bank Transfer,Standard
20251012,1,21,1,3,1097.34,0.0,3292.02,772.02,Bank Transfer,Next Day
20250920,4,83,4,5,444.36,493.58,1728.22,328.2550000000001,Bank Transfer,Next Day
20251029,8,37,4,1,39.84,0.0,39.84,15.347000000000005,Bank Transfer,Express
20260110,5,72,4,3,132.97,0.0,398.91,125.93100000000004,Cash,Next Day
20251020,2,46,1,1,43.8,0.0,43.8,11.607,Credit Card,Express
20250327,3,89,3,3,328.98,0.0,986.94,356.961,PayPal,Next Day
20260128,4,72,4,1,449.61,0.0,449.61,169.61700000000002,Bank Transfer,Next Day
20251230,2,54,1,1,50.03,0.0,50.03,17.837000000000003,Cash,Express
20250215,6,69,1,1,84.39,0.0,84.39,28.397000000000006,Cash,Next Day
20251213,3,75,1,1,289.44,0.0,289.44,79.447,PayPal,Express
20250709,6,2,3,1,90.72,0.0,90.72,34.727000000000004,Cash,Next Day
20250903,2,76,4,2,40.73,0.0,81.46,17.073999999999998,Cash,Express
20251202,5,6,2,1,130.81,13.78,117.03,26.037000000000006,Bank Transfer,Standard
20250222,8,70,2,2,37.77,16.5,59.04,10.054000000000002,Cash,Standard
20260201,2,1,1,1,45.45,0.0,45.45,13.257000000000005,Cash,Express
20250724,7,83,4,2,39.05,0.0,78.1,22.113999999999997,PayPal,Standard
20251216,5,51,4,5,120.72,0.0,603.6,148.63500000000005,Credit Card,Express
20250324,4,39,3,4,430.0,216.02,1503.98,384.00800000000004,Cash,Next Day
20250407,6,21,1,3,88.79,0.0,266.37,98.39100000000002,Credit Card,Standard
20250324,5,49,1,1,126.52,0.0,126.52,35.527,PayPal,Express
20250628,7,98,1,2,45.04,0.0,90.08,34.094,Cash,Next Day
20250818,2,9,1,1,39.91,0.0,39.91,7.716999999999999,Cash,Express
20251022,1,71,1,1,1037.12,0.0,1037.12,197.1199999999999,PayPal,Next Day
20250429,8,31,3,4,32.07,0.0,128.28,30.308000000000007,Bank Transfer,Next Day
20250512,2,48,1,3,48.43,0.0,145.29,48.711,Cash,Express
20250325,3,73,2,1,308.77,52.84,255.93,45.93700000000001,PayPal,Next Day
20250301,6,6,2,1,83.69,0.0,83.69,27.697000000000003,Cash,Express
20251221,2,68,1,3,52.62,0.0,157.86,61.28100000000002,Credit Card,Express
20250205,5,97,2,2,141.45,0.0,282.9,100.91399999999999,PayPal,Standard
20250306,6,68,1,2,90.2,41.18,139.22,27.23400000000001,Bank Transfer,Express
20250814,2,38,2,1,51.15,0.0,51.15,18.957,Cash,Next Day
20250831,7,82,2,2,43.01,0.0,86.02,30.034,Credit Card,Next Day
20251010,2,4,1,1,46.32,0.0,46.32,14.127000000000002,Bank Transfer,Express
20251106,6,24,1,1,83.64,0.0,83.64,27.647000000000006,PayPal,Express
20251230,1,69,1,1,1371.01,0.0,1371.01,531.01,Bank Transfer,Express
20251026,4,23,3,4,370.36,0.0,1481.44,361.4680000000001,Cash,Next Day
20250427,7,38,2,1,37.35,0.0,37.35,9.357000000000003,PayPal,Express
20251201,8,49,1,1,34.89,0.0,34.89,10.397000000000002,PayPal,Express
20250925,2,51,4,4,46.0,0.0,184.0,55.22800000000001,PayPal,Express
20251007,3,86,1,1,300.91,0.0,300.91,90.91700000000003,Cash,Standard
20251004,4,24,1,1,365.89,0.0,365.89,85.89699999999999,Bank Transfer,Standard
20250211,6,12,1,1,70.92,0.0,70.92,14.927000000000007,Bank Transfer,Standard
20250513,2,49,1,1,48.06,0.0,48.06,15.867000000000004,Cash,Express
20250819,8,99,3,1,37.25,0.0,37.25,12.757000000000001,Bank Transfer,Express
20251116,2,65,2,2,41.93,0.0,83.86,19.474000000000004,Cash,Standard
20251106,3,87,2,1,320.07,0.0,320.07,110.077,Bank Transfer,Next Day
20251127,4,2,3,4,405.41,0.0,1621.64,501.6680000000001,Bank Transfer,Express
20250214,7,96,3,1,44.71,0.0,44.71,16.717000000000002,Bank Transfer,Standard
20250429,3,95,2,1,318.42,35.17,283.25,73.257,Credit Card,Standard
20251130,3,20,3,3,323.4,0.0,970.2,340.221,Cash,Next Day
20250622,8,29,4,1,34.13,0.0,34.13,9.637000000000004,Bank Transfer,Express
20250505,2,6,2,1,47.48,0.0,47.48,15.286999999999999,Credit Card,Standard
20250403,3,91,3,1,311.09,22.64,288.45,78.457,Credit Card,Next Day
20251001,5,11,4,1,121.28,0.0,121.28,30.287000000000006,Bank Transfer,Standard
20251125,6,58,3,1,85.73,0.0,85.73,29.73700000000001,Cash,Express
20251004,7,15,3,2,44.58,14.12,75.04,19.05400000000001,PayPal,Standard
20251228,4,65,2,3,446.36,190.01,1149.07,309.0909999999999,PayPal,Express
20250526,5,7,2,2,148.1,0.0,296.2,114.214,PayPal,Express
20251201,7,63,3,1,37.07,0.0,37.07,9.077000000000002,Bank Transfer,Next Day
20250812,7,50,1,1,35.08,0.0,35.08,7.087,PayPal,Standard
20250220,4,57,3,1,343.33,68.47,274.86,-5.132999999999981,Bank Transfer,Standard
20250318,8,24,1,3,38.11,0.0,114.33,40.851,Bank Transfer,Standard
20250619,8,71,1,2,31.94,0.0,63.88,14.894000000000005,Cash,Standard
20251118,3,18,1,1,308.43,0.0,308.43,98.43700000000001,Bank Transfer,Express
20250909,7,16,1,2,45.23,0.0,90.46,34.474,Credit Card,Standard
20260128,3,81,2,2,272.6,0.0,545.2,125.21400000000006,Cash,Next Day
20250330,2,10,3,1,41.4,0.0,41.4,9.207,Credit Card,Standard
20250609,7,69,1,5,39.41,44.41,152.64,12.674999999999983,Cash,Standard
20250507,6,61,4,1,86.36,19.07,67.29,11.297000000000011,Credit Card,Next Day
20250717,1,3,3,1,1217.04,69.83,1147.21,307.21000000000004,Cash,Standard
20251126,1,60,4,1,1134.88,266.46,868.42,28.41999999999996,Credit Card,Express
20250705,5,18,1,4,121.66,81.62,405.02,41.048,Cash,Next Day
20250327,3,40,2,3,262.52,195.73,591.83,-38.149,Cash,Standard
20260121,2,35,2,3,41.41,0.0,124.23,27.65100000000001,Cash,Next Day
20250429,2,34,1,1,49.74,0.0,49.74,17.547000000000004,Cash,Next Day
20250406,8,22,2,2,39.65,0.0,79.3,30.314,PayPal,Express
20250211,6,78,1,2,80.65,0.0,161.3,49.31400000000002,PayPal,Next Day
20260202,6,66,3,1,90.25,0.0,90.25,34.257000000000005,Bank Transfer,Next Day
20250615,2,7,2,1,44.81,0.0,44.81,12.617000000000004,Bank Transfer,Express
20250425,8,27,2,3,38.06,11.25,102.93,29.451000000000008,PayPal,Next Day
20250511,7,45,3,1,37.84,0.0,37.84,9.847000000000005,PayPal,Standard
20251022,5,74,1,3,144.85,0.0,434.55,161.57100000000003,Bank Transfer,Next Day
20250614,6,67,3,1,86.04,0.0,86.04,30.04700000000001,PayPal,Standard
20250226,6,87,2,5,82.79,0.0,413.95,133.985,Cash,Express
20250505,5,75,1,3,125.65,0.0,376.95,103.971,Bank Transfer,Standard
20250410,1,92,1,1,1147.24,0.0,1147.24,307.24,Cash,Express
20250515,1,23,3,4,1245.33,0.0,4981.32,1621.3199999999997,Credit Card,Express
20250503,6,15,3,2,68.09,20.55,115.63,3.6440000000000055,Credit Card,Standard
20250731,3,67,3,1,292.93,0.0,292.93,82.93700000000001,PayPal,Standard
20250319,7,10,3,2,35.81,0.0,71.62,15.634000000000007,Credit Card,Next Day
20260120,2,38,2,1,47.68,0.0,47.68,15.487000000000002,Bank Transfer,Standard
20250223,8,84,1,2,29.75,0.0,59.5,10.514000000000003,Bank Transfer,Standard
20251028,3,23,3,1,331.93,62.46,269.47,59.47700000000003,Cash,Standard
20250405,3,17,1,1,283.51,0.0,283.51,73.517,PayPal,Express
20250228,8,13,1,1,32.73,0.0,32.73,8.236999999999998,Credit Card,Express
20250626,3,18,1,2,335.04,0.0,670.08,250.09400000000005,Credit Card,Express
20250601,5,79,1,3,120.97,0.0,362.91,89.93100000000004,Credit Card,Standard
20250512,7,71,1,3,38.61,0.0,115.83,31.851,Credit Card,Standard
20251230,2,49,1,2,52.88,0.0,105.76,41.37400000000001,Bank Transfer,Standard
20250515,4,70,2,1,399.46,0.0,399.46,119.46699999999998,PayPal,Standard
20251112,4,23,3,2,447.19,0.0,894.38,334.394,PayPal,Express
20250419,8,79,1,2,38.05,0.0,76.1,27.113999999999997,Credit Card,Next Day
20250321,7,55,1,1,43.97,0.0,43.97,15.977,Bank Transfer,Express
20251014,5,78,1,1,147.47,0.0,147.47,56.477000000000004,Cash,Express
20250219,7,62,1,1,44.97,0.0,44.97,16.977,Credit Card,Standard
20250709,5,7,2,2,142.29,0.0,284.58,102.594,Credit Card,Standard
20260106,8,83,4,1,31.59,0.0,31.59,7.097000000000001,PayPal,Express
20250815,6,44,2,2,90.05,0.0,180.1,68.114,Credit Card,Standard
20250724,6,96,3,1,76.15,5.79,70.36,14.367000000000004,PayPal,Standard
20250409,5,32,1,1,137.44,0.0,137.44,46.447,Cash,Express
20251031,4,38,2,1,354.39,0.0,354.39,74.39699999999999,PayPal,Express
20250519,3,29,4,4,275.09,74.88,1025.48,185.50800000000004,Credit Card,Next Day
20250506,3,33,2,1,320.7,0.0,320.7,110.707,PayPal,Express
20250405,7,48,1,1,45.39,0.0,45.39,17.397000000000002,PayPal,Express
20250411,2,28,2,3,46.99,0.0,140.97,44.391000000000005,PayPal,Next Day
20250311,1,58,3,2,1209.92,0.0,2419.84,739.8400000000001,Bank Transfer,Express
20251018,6,18,1,2,88.76,20.09,157.43,45.44400000000002,PayPal,Standard
20251026,4,57,3,1,424.34,0.0,424.34,144.34699999999998,Bank Transfer,Express
20251127,4,14,4,3,397.29,0.0,1191.87,351.89099999999985,Credit Card,Standard
20251223,3,13,1,2,304.63,30.57,578.69,158.70400000000006,Cash,Express
20250225,4,51,4,1,348.8,0.0,348.8,68.80700000000002,PayPal,Express
20250309,5,74,1,1,135.93,0.0,135.93,44.93700000000001,Cash,Express
20250425,1,94,2,1,1310.89,0.0,1310.89,470.8900000000001,Bank Transfer,Next Day
20250226,3,69,1,1,283.09,0.0,283.09,73.09699999999998,PayPal,Express
20250211,1,75,1,1,1379.67,0.0,1379.67,539.6700000000001,Bank Transfer,Standard
20251015,8,18,1,3,32.8,17.54,80.86,7.381,Cash,Next Day
20250728,6,82,2,1,85.32,0.0,85.32,29.326999999999998,Bank Transfer,Next Day
20251112,5,82,2,2,122.16,35.17,209.15,27.164000000000016,Credit Card,Express
20250804,4,25,1,1,412.94,0.0,412.94,132.947,Bank Transfer,Standard
20250309,4,76,4,3,449.3,0.0,1347.9,507.92100000000005,Cash,Standard
20250513,3,47,1,3,297.96,0.0,893.88,263.90099999999995,PayPal,Express
20250915,2,20,3,1,46.75,7.14,39.61,7.417000000000002,Bank Transfer,Standard
20250819,7,92,1,2,40.48,0.0,80.96,24.973999999999997,Cash,Next Day
20250429,2,78,1,2,41.41,0.0,82.82,18.433999999999997,PayPal,Express
20260131,8,73,2,4,34.17,0.0,136.68,38.70800000000001,Credit Card,Standard
20250926,3,84,1,1,261.85,0.0,261.85,51.85700000000003,Credit Card,Express
20251029,5,59,4,2,116.82,0.0,233.64,51.653999999999996,Credit Card,Standard
20250425,3,1,1,1,294.67,0.0,294.67,84.67700000000002,PayPal,Standard
20251209,8,51,4,1,39.2,0.0,39.2,14.707000000000004,Cash,Next Day
20250303,3,88,2,2,268.44,61.48,475.4,55.41399999999999,Credit Card,Standard
20251212,6,90,3,1,74.27,0.0,74.27,18.277,PayPal,Express
20260121,5,41,2,1,145.12,0.0,145.12,54.12700000000001,Cash,Next Day
20251011,2,86,1,1,40.23,0.0,40.23,8.036999999999999,Credit Card,Express
20250224,1,35,2,2,1277.17,0.0,2554.34,874.3400000000001,Bank Transfer,Standard
20250709,3,52,1,2,326.03,84.67,567.39,147.404,PayPal,Standard
20250609,5,1,1,1,142.4,0.0,142.4,51.40700000000001,Bank Transfer,Next Day
20251207,4,30,1,1,437.27,0.0,437.27,157.277,PayPal,Next Day
20251025,8,71,1,2,36.64,0.0,73.28,24.294000000000004,Credit Card,Express
20250828,2,78,1,1,48.33,0.0,48.33,16.137,Cash,Express
20250319,5,66,3,2,143.4,0.0,286.8,104.81400000000002,PayPal,Next Day
20251111,3,58,3,1,300.59,33.73,266.86,56.86700000000002,PayPal,Express
20251009,2,98,1,2,51.07,10.86,91.28,26.894000000000005,PayPal,Standard
20251210,4,80,2,3,440.03,0.0,1320.09,480.1109999999999,Credit Card,Standard
20250323,1,9,1,5,1220.51,0.0,6102.55,1902.5500000000002,Cash,Standard
20250525,5,46,1,1,110.59,0.0,110.59,19.59700000000001,PayPal,Standard
20260111,8,18,1,1,31.78,0.0,31.78,7.287000000000003,Credit Card,Express
20251004,5,77,2,1,112.96,6.5,106.46,15.466999999999999,Bank Transfer,Express
20251117,3,9,1,5,286.35,146.22,1285.53,235.56500000000005,PayPal,Express
20260106,7,53,1,1,40.96,0.0,40.96,12.967000000000002,Credit Card,Standard
20250718,8,92,1,1,32.2,5.47,26.73,2.237000000000002,Credit Card,Standard
20250711,4,76,4,3,362.76,0.0,1088.28,248.30099999999993,PayPal,Express
20250515,1,65,2,2,1122.11,0.0,2244.22,564.2199999999998,Credit Card,Express
20250602,2,89,3,1,51.03,10.64,40.39,8.197000000000003,Bank Transfer,Next Day
20251011,4,10,3,1,340.34,0.0,340.34,60.34699999999998,Bank Transfer,Express
20251201,2,57,3,4,43.71,0.0,174.84,46.06800000000001,Credit Card,Next Day
20260112,5,18,1,1,129.89,0.0,129.89,38.89699999999999,Bank Transfer,Next Day
20250821,7,11,4,2,40.0,0.0,80.0,24.014000000000003,Bank Transfer,Express
20260103,4,64,4,2,434.56,0.0,869.12,309.134,PayPal,Next Day
20250620,3,40,2,2,317.2,0.0,634.4,214.414,PayPal,Express
20250921,1,90,3,1,1318.6,0.0,1318.6,478.5999999999999,Credit Card,Express
20251118,6,97,2,1,84.28,0.0,84.28,28.287000000000006,PayPal,Next Day
20251009,8,64,4,2,30.48,0.0,60.96,11.974000000000004,PayPal,Express
20251030,7,44,2,1,44.68,0.0,44.68,16.687,Credit Card,Next Day
20250912,2,30,1,2,47.07,0.0,94.14,29.754000000000005,PayPal,Next Day
20250604,7,51,4,2,38.1,0.0,76.2,20.214000000000006,Bank Transfer,Standard
20251206,8,100,4,1,36.54,7.35,29.19,4.697000000000003,Credit Card,Standard
20250228,7,15,3,1,36.03,8.45,27.58,-0.41300000000000026,Cash,Standard
20250406,4,93,1,1,430.93,0.0,430.93,150.937,Bank Transfer,Next Day
20250529,3,32,1,1,308.33,0.0,308.33,98.33699999999999,Cash,Express
20250814,2,14,4,5,48.54,24.08,218.62,57.65500000000003,Cash,Next Day
20250410,2,58,3,1,52.8,4.95,47.85,15.657000000000004,Credit Card,Express
20250808,3,36,4,2,299.4,0.0,598.8,178.81399999999996,Cash,Express
20250629,6,24,1,1,87.29,0.0,87.29,31.29700000000001,PayPal,Express
20251225,2,98,1,5,39.76,0.0,198.8,37.835000000000036,Cash,Express
20250225,8,27,2,1,36.93,0.0,36.93,12.437000000000001,Bank Transfer,Next Day
20251113,8,72,4,1,39.28,0.0,39.28,14.787000000000003,Cash,Express
20250425,5,46,1,2,131.87,38.52,225.22,43.23400000000001,Credit Card,Standard
20250518,3,83,4,4,258.33,0.0,1033.32,193.34799999999996,Bank Transfer,Next Day
20250710,8,47,1,2,30.5,0.0,61.0,12.014000000000003,Credit Card,Express
20250321,2,47,1,2,51.05,0.0,102.1,37.714,Cash,Standard
20251115,5,49,1,3,112.04,69.56,266.56,-6.418999999999983,Bank Transfer,Next Day
20250922,8,58,3,1,38.21,0.0,38.21,13.717000000000002,Bank Transfer,Next Day
20250320,8,58,3,4,32.37,0.0,129.48,31.507999999999996,Bank Transfer,Next Day
20250314,6,82,2,3,86.31,0.0,258.93,90.95100000000002,PayPal,Standard
20251221,3,83,4,1,339.14,0.0,339.14,129.147,Credit Card,Express
20250929,3,9,1,1,333.07,0.0,333.07,123.077,PayPal,Next Day
20251115,2,65,2,1,41.04,7.03,34.01,1.8170000000000002,Cash,Express
20250505,8,2,3,1,35.0,0.0,35.0,10.507000000000001,PayPal,Standard
20250830,6,82,2,1,81.17,0.0,81.17,25.177000000000007,Credit Card,Next Day
20251013,3,33,2,2,276.01,0.0,552.02,132.034,Bank Transfer,Standard
20250923,5,1,1,1,141.86,10.97,130.89,39.89699999999999,Credit Card,Express
20250922,8,12,1,2,35.42,13.25,57.59,8.604000000000006,Credit Card,Standard
20250422,5,49,1,4,149.47,40.48,557.4,193.428,Cash,Next Day
20251005,3,18,1,2,332.76,0.0,665.52,245.534,Credit Card,Standard
20251206,1,1,1,4,1378.88,0.0,5515.52,2155.5200000000004,PayPal,Next Day
20250817,6,36,4,1,72.24,0.0,72.24,16.247,PayPal,Express
20250406,1,73,2,2,1040.63,216.41,1864.85,184.8499999999999,Credit Card,Next Day
20250513,8,26,2,3,33.6,24.78,76.02,2.540999999999997,Credit Card,Express
20251003,1,66,3,1,1131.24,0.0,1131.24,291.24,Cash,Express
20250303,8,53,1,2,34.3,0.0,68.6,19.613999999999997,Bank Transfer,Standard
20251120,5,81,2,3,122.19,0.0,366.57,93.59100000000001,Cash,Standard
20250413,7,30,1,4,45.57,0.0,182.28,70.308,Bank Transfer,Standard
20251116,8,9,1,3,39.19,9.25,108.32,34.840999999999994,Credit Card,Next Day
20250428,1,62,1,1,1286.62,0.0,1286.62,446.6199999999999,Cash,Express
20250718,1,36,4,2,1166.98,0.0,2333.96,653.96,Bank Transfer,Express
20260105,1,95,2,3,1255.45,0.0,3766.35,1246.35,Bank Transfer,Next Day
20260112,1,68,1,1,1108.92,0.0,1108.92,268.9200000000001,Credit Card,Standard
20250529,5,79,1,1,144.94,0.0,144.94,53.947,PayPal,Standard
20250316,7,33,2,5,36.58,0.0,182.9,42.935,Credit Card,Next Day
20250924,3,29,4,1,322.99,23.59,299.4,89.40699999999998,Bank Transfer,Standard
20250603,7,54,1,3,38.66,0.0,115.98,32.001000000000005,Bank Transfer,Standard
20250706,4,10,3,4,386.15,154.14,1390.46,270.48800000000006,Bank Transfer,Express
20250707,6,72,4,1,79.68,0.0,79.68,23.687000000000012,Cash,Standard
20251108,6,48,1,2,80.05,0.0,160.1,48.114000000000004,Credit Card,Next Day
20251107,4,83,4,4,401.21,0.0,1604.84,484.86799999999994,Cash,Express
20250503,3,85,3,1,301.9,0.0,301.9,91.90699999999998,Cash,Standard
20250521,5,12,1,1,147.44,0.0,147.44,56.447,Cash,Express
20251031,7,74,1,4,38.4,25.64,127.96,15.988,Credit Card,Express
20250223,1,50,1,4,1066.85,0.0,4267.4,907.3999999999996,Bank Transfer,Standard
20251118,1,37,4,3,1209.85,0.0,3629.55,1109.5500000000002,Bank Transfer,Standard
20250728,1,67,3,2,1088.04,0.0,2176.08,496.0799999999999,Cash,Standard
20250525,6,69,1,1,86.82,0.0,86.82,30.826999999999998,PayPal,Next Day
20251006,7,27,2,2,41.93,0.0,83.86,27.874000000000002,Bank Transfer,Standard
20251226,5,19,4,1,117.84,0.0,117.84,26.84700000000001,Bank Transfer,Standard
20251114,1,95,2,1,1096.89,0.0,1096.89,256.8900000000001,Credit Card,Standard
20250723,5,32,1,4,128.51,0.0,514.04,150.06799999999998,PayPal,Express
20250409,1,66,3,2,1339.69,0.0,2679.38,999.3800000000001,Credit Card,Next Day
20251215,5,70,2,1,126.12,0.0,126.12,35.12700000000001,Cash,Next Day
20251219,3,17,1,1,264.4,0.0,264.4,54.40699999999998,PayPal,Standard
20250322,3,41,2,1,286.06,0.0,286.06,76.06700000000001,PayPal,Next Day
20250422,6,88,2,4,69.32,0.0,277.28,53.30799999999999,Credit Card,Next Day
20251118,1,30,1,1,1354.5,277.46,1077.04,237.03999999999996,Bank Transfer,Express
20250303,5,89,3,1,138.31,0.0,138.31,47.31700000000001,PayPal,Standard
20251229,8,80,2,1,32.18,0.0,32.18,7.687000000000001,Bank Transfer,Standard
20250309,3,32,1,3,306.77,0.0,920.31,290.3309999999999,PayPal,Next Day
20250627,5,29,4,3,120.79,0.0,362.37,89.39100000000002,Cash,Express
20250620,8,49,1,1,32.45,0.0,32.45,7.957000000000004,Credit Card,Express
20250930,5,57,3,1,144.63,12.52,132.11,41.11700000000002,Cash,Express
20250715,3,88,2,1,287.97,0.0,287.97,77.97700000000003,PayPal,Standard
20250425,3,11,4,2,292.32,0.0,584.64,164.654,Cash,Express
20250919,6,59,4,2,71.38,16.07,126.69,14.704000000000008,PayPal,Next Day
20250303,4,99,3,1,412.58,0.0,412.58,132.587,Cash,Express
20250908,5,63,3,3,130.93,41.11,351.68,78.70100000000002,Cash,Next Day
20251130,3,99,3,2,330.28,0.0,660.56,240.57399999999996,PayPal,Next Day
20251230,6,14,4,1,80.79,0.0,80.79,24.79700000000001,Bank Transfer,Express
20251009,1,68,1,2,1379.99,180.9,2579.08,899.0799999999999,PayPal,Standard
20251108,4,85,3,2,408.43,0.0,816.86,256.874,PayPal,Next Day
20260129,1,85,3,1,1378.64,145.47,1233.17,393.1700000000001,PayPal,Next Day
20250411,3,23,3,3,294.98,0.0,884.94,254.961,Credit Card,Next Day
20250802,3,38,2,1,295.18,51.07,244.11,34.11700000000002,Bank Transfer,Next Day
20251010,2,80,2,5,48.28,0.0,241.4,80.43500000000003,Cash,Standard
20250726,1,70,2,3,1122.16,715.68,2650.8,130.80000000000018,Bank Transfer,Next Day
20250626,4,82,2,1,355.84,0.0,355.84,75.84699999999998,Cash,Next Day
20251112,7,39,3,1,34.53,0.0,34.53,6.537000000000003,Credit Card,Next Day
20250724,1,89,3,1,1335.11,0.0,1335.11,495.1099999999999,Bank Transfer,Express
20251023,7,31,3,1,44.53,0.0,44.53,16.537000000000003,Bank Transfer,Express
20251015,5,39,3,2,123.73,0.0,247.46,65.47400000000002,Cash,Standard
20250626,1,50,1,1,1168.75,0.0,1168.75,328.75,Bank Transfer,Next Day
20251015,2,38,2,3,43.17,0.0,129.51,32.931,Cash,Next Day
20251006,1,6,2,1,1112.6,0.0,1112.6,272.5999999999999,Credit Card,Next Day
20250609,5,50,1,1,140.22,26.03,114.19,23.197000000000003,PayPal,Standard
20250703,8,14,4,1,37.49,0.0,37.49,12.997000000000003,Credit Card,Standard
20250530,8,86,1,3,35.56,21.36,85.32,11.840999999999994,Credit Card,Express
20250720,1,39,3,1,1045.63,0.0,1045.63,205.6300000000001,Bank Transfer,Standard
20250912,8,68,1,1,32.31,0.0,32.31,7.817000000000004,Cash,Standard
20250623,7,75,1,2,35.22,0.0,70.44,14.454,Cash,Express
20251021,7,33,2,2,42.23,0.0,84.46,28.473999999999997,Cash,Next Day
20250618,3,42,1,2,273.52,52.52,494.52,74.53399999999999,Bank Transfer,Express
20250616,3,78,1,1,306.45,0.0,306.45,96.457,Credit Card,Express
20250510,6,61,4,5,68.29,0.0,341.45,61.485000000000014,PayPal,Standard
20250615,2,76,4,1,43.11,0.0,43.11,10.917000000000002,PayPal,Standard
20251201,7,78,1,1,39.23,2.55,36.68,8.687000000000001,PayPal,Next Day
20250407,6,65,2,3,80.76,51.75,190.53,22.551000000000016,Cash,Express
20250513,5,35,2,1,149.28,0.0,149.28,58.287000000000006,PayPal,Standard
20250522,4,14,4,1,440.27,0.0,440.27,160.277,Bank Transfer,Standard
20251016,6,97,2,2,71.9,0.0,143.8,31.81400000000002,Credit Card,Next Day
20250419,5,3,3,1,132.29,8.12,124.17,33.17700000000001,PayPal,Express
20250331,6,48,1,2,77.21,38.51,115.91,3.9240000000000066,Cash,Express
20250525,4,98,1,2,419.71,0.0,839.42,279.43399999999997,Bank Transfer,Next Day
20250618,6,5,3,4,74.46,19.06,278.78,54.80799999999999,Cash,Express
20250601,8,76,4,4,30.15,25.44,95.16,-2.8119999999999976,Credit Card,Next Day
20251103,3,69,1,1,296.78,65.71,231.07,21.076999999999998,Cash,Express
20251231,6,14,4,1,84.48,0.0,84.48,28.48700000000001,Bank Transfer,Standard
20250730,2,17,1,2,47.25,0.0,94.5,30.114000000000004,PayPal,Next Day
20250517,6,95,2,2,72.69,0.0,145.38,33.394000000000005,Cash,Express
20250518,5,30,1,1,131.0,30.7,100.3,9.307000000000002,Credit Card,Express
20260127,2,48,1,3,43.4,0.0,130.2,33.620999999999995,Bank Transfer,Standard
20250227,5,61,4,1,121.73,0.0,121.73,30.73700000000001,Cash,Standard
20250617,1,45,3,1,1175.94,0.0,1175.94,335.94000000000005,Bank Transfer,Standard
20250310,3,27,2,5,325.86,0.0,1629.3,579.335,Credit Card,Standard
20250729,7,70,2,1,35.31,0.0,35.31,7.317000000000004,Cash,Next Day
20250902,4,23,3,2,414.13,0.0,828.26,268.274,Cash,Standard
20250514,2,60,4,1,41.08,0.0,41.08,8.887,Bank Transfer,Express
20251120,4,66,3,4,371.54,0.0,1486.16,366.1880000000001,Bank Transfer,Standard
20250608,6,2,3,1,84.65,0.0,84.65,28.65700000000001,Credit Card,Express
20250705,4,15,3,3,350.32,0.0,1050.96,210.981,Credit Card,Express
20250707,2,86,1,1,42.27,0.0,42.27,10.077000000000005,Cash,Express
20260118,8,83,4,2,39.66,0.0,79.32,30.333999999999996,Bank Transfer,Standard
20250820,4,56,1,3,358.68,0.0,1076.04,236.06099999999992,PayPal,Standard
20250713,2,34,1,1,48.86,0.0,48.86,16.667,Cash,Express
20250220,1,63,3,1,1054.27,54.07,1000.2,160.20000000000005,PayPal,Next Day
20251221,5,1,1,2,140.58,51.17,229.99,48.00400000000002,Cash,Express
20250422,6,44,2,1,76.46,0.0,76.46,20.467,Cash,Standard
20250629,6,62,1,1,78.96,0.0,78.96,22.967,Cash,Standard
20250529,6,51,4,1,73.2,6.58,66.62,10.62700000000001,Bank Transfer,Standard
20251107,6,100,4,1,87.18,0.0,87.18,31.187000000000012,Bank Transfer,Standard
20250205,6,18,1,1,85.49,0.0,85.49,29.497,PayPal,Express
20250531,1,36,4,1,1106.3,0.0,1106.3,266.29999999999995,Cash,Next Day
20251203,5,99,3,1,136.65,0.0,136.65,45.65700000000001,Credit Card,Standard
20250816,8,95,2,1,37.84,2.63,35.21,10.717000000000002,Bank Transfer,Express
20251128,2,57,3,1,46.31,4.82,41.49,9.297000000000004,PayPal,Express
20250811,5,28,2,1,133.85,0.0,133.85,42.857,Cash,Next Day
20250627,5,49,1,3,113.29,0.0,339.87,66.89100000000002,Bank Transfer,Next Day
20250225,8,27,2,1,39.38,0.0,39.38,14.887000000000004,Cash,Next Day
20250827,7,18,1,1,43.14,0.0,43.14,15.147000000000002,PayPal,Next Day
20251005,8,74,1,1,30.89,0.0,30.89,6.397000000000002,Credit Card,Next Day
20250418,8,40,2,4,30.35,15.14,106.26,8.288000000000011,Cash,Standard
20251024,2,52,1,1,46.99,0.0,46.99,14.797000000000004,Bank Transfer,Standard
20260116,6,54,1,1,68.46,7.09,61.37,5.3770000000000024,PayPal,Express
20250928,1,34,1,1,1159.78,0.0,1159.78,319.78,Cash,Express
20251115,1,46,1,2,1116.25,0.0,2232.5,552.5,Bank Transfer,Standard
20250619,7,19,4,2,42.91,0.0,85.82,29.833999999999996,PayPal,Express
20250522,2,74,1,1,46.35,0.0,46.35,14.157000000000004,Credit Card,Standard
20250313,4,57,3,3,446.0,159.27,1178.73,338.751,Cash,Standard
20251106,1,28,2,2,1262.4,0.0,2524.8,844.8000000000002,Bank Transfer,Next Day
20251006,6,54,1,1,76.54,14.44,62.1,6.107000000000006,PayPal,Express
20260114,8,14,4,4,40.14,0.0,160.56,62.58800000000001,PayPal,Next Day
20260107,2,58,3,1,44.63,0.0,44.63,12.437000000000005,Bank Transfer,Standard
20250814,7,10,3,2,44.22,0.0,88.44,32.454,Credit Card,Next Day
20250502,2,3,3,2,46.18,0.0,92.36,27.974000000000004,Credit Card,Next Day
20250415,4,60,4,3,363.77,0.0,1091.31,251.3309999999999,Credit Card,Express
20251029,2,95,2,1,43.0,7.56,35.44,3.247,Credit Card,Next Day
20250824,8,21,1,1,31.3,0.0,31.3,6.807000000000002,Cash,Standard
20251227,2,6,2,2,52.37,0.0,104.74,40.354,PayPal,Next Day
20250725,7,14,4,3,42.32,0.0,126.96,42.980999999999995,Bank Transfer,Standard
20250515,1,50,1,2,1169.41,0.0,2338.82,658.8200000000002,Credit Card,Express
20250729,7,68,1,2,35.56,0.0,71.12,15.134000000000007,Credit Card,Express
20250530,3,48,1,2,335.37,0.0,670.74,250.75400000000002,Bank Transfer,Next Day
20251001,4,99,3,5,453.92,0.0,2269.6,869.635,Credit Card,Next Day
20250220,6,96,3,1,69.88,0.0,69.88,13.887,PayPal,Express
20250802,5,30,1,2,110.68,0.0,221.36,39.374000000000024,PayPal,Express
20251018,3,32,1,3,323.37,0.0,970.11,340.131,Credit Card,Standard
20250219,7,33,2,1,43.69,10.56,33.13,5.137000000000004,Cash,Next Day
20250404,7,17,1,1,45.27,4.43,40.84,12.847000000000005,Credit Card,Standard
20250331,6,9,1,3,70.89,0.0,212.67,44.691,Bank Transfer,Standard
20250509,3,85,3,1,335.78,0.0,335.78,125.78699999999998,Bank Transfer,Standard
20251027,7,12,1,1,40.01,0.0,40.01,12.017,PayPal,Next Day
20250528,5,21,1,4,147.08,34.42,553.9,189.928,Bank Transfer,Standard
20250929,3,47,1,3,329.17,0.0,987.51,357.53099999999995,Credit Card,Next Day
20250507,5,72,4,1,124.97,0.0,124.97,33.977000000000004,Cash,Next Day
20250717,1,24,1,3,1170.64,0.0,3511.92,991.9200000000001,PayPal,Next Day
20251015,7,50,1,3,39.47,0.0,118.41,34.431,PayPal,Express
20250225,2,90,3,1,50.37,0.0,50.37,18.177,Bank Transfer,Standard
20250313,7,12,1,2,43.44,0.0,86.88,30.894,PayPal,Standard
20251014,2,25,1,2,40.08,0.0,80.16,15.774000000000001,PayPal,Standard
20251122,6,8,3,1,79.63,0.0,79.63,23.637,Bank Transfer,Standard
20251028,5,46,1,1,134.57,28.0,106.57,15.576999999999998,Credit Card,Next Day
20251129,3,21,1,1,303.93,0.0,303.93,93.93700000000001,Cash,Express
20260123,7,55,1,1,34.07,0.0,34.07,6.077000000000002,Credit Card,Express
20250817,3,2,3,3,262.85,0.0,788.55,158.5709999999999,Bank Transfer,Express
20250522,4,75,1,3,420.35,244.14,1016.91,176.93099999999993,Cash,Next Day
20251129,2,28,2,2,41.58,0.0,83.16,18.774,Cash,Express
20250507,5,3,3,1,127.71,0.0,127.71,36.717,Cash,Express
20260113,5,88,2,4,114.0,51.69,404.31,40.33800000000002,Credit Card,Express
20250320,1,89,3,1,1272.92,0.0,1272.92,432.9200000000001,Cash,Standard
20250725,7,65,2,1,40.71,0.0,40.71,12.717000000000002,Credit Card,Next Day
20250626,7,69,1,1,42.6,0.0,42.6,14.607000000000003,Cash,Express
20250303,2,22,2,1,44.57,4.61,39.96,7.767000000000003,PayPal,Standard
20250629,5,96,3,5,116.12,0.0,580.6,125.63500000000005,Cash,Next Day
20251002,6,68,1,1,69.77,0.0,69.77,13.777000000000001,Bank Transfer,Standard
20260102,1,62,1,3,1079.63,165.75,3073.14,553.1399999999999,Bank Transfer,Standard
20250806,8,65,2,2,37.12,0.0,74.24,25.253999999999998,PayPal,Standard
20250316,2,26,2,1,49.19,7.43,41.76,9.567,PayPal,Standard
20250630,4,66,3,4,398.87,0.0,1595.48,475.50800000000004,Credit Card,Standard
20250726,5,60,4,2,123.3,0.0,246.6,64.614,Cash,Next Day
20250628,3,31,3,1,266.65,0.0,266.65,56.65699999999998,Bank Transfer,Standard
20251221,7,82,2,1,42.26,0.0,42.26,14.267,PayPal,Next Day
20250516,2,37,4,1,44.25,0.0,44.25,12.057000000000002,PayPal,Next Day
20250818,6,39,3,5,69.38,0.0,346.9,66.935,Credit Card,Standard
20250420,5,85,3,4,110.67,0.0,442.68,78.70800000000003,PayPal,Express
20251204,8,7,2,2,34.96,6.32,63.6,14.614000000000004,Bank Transfer,Next Day
20250916,5,9,1,3,113.74,0.0,341.22,68.24100000000004,Bank Transfer,Express
20251023,4,30,1,1,370.35,0.0,370.35,90.35700000000003,PayPal,Standard
20250712,3,34,1,1,300.22,0.0,300.22,90.22700000000003,PayPal,Next Day
20250920,8,36,4,2,30.51,6.17,54.85,5.864000000000004,Cash,Express
20250821,3,94,2,4,323.76,0.0,1295.04,455.068,PayPal,Express
20250312,1,16,1,1,1047.47,0.0,1047.47,207.47000000000003,PayPal,Express
20250224,5,59,4,3,119.78,0.0,359.34,86.36099999999999,Cash,Next Day
20251130,6,85,3,3,70.06,0.0,210.18,42.20100000000002,Cash,Express
20251012,4,82,2,1,418.86,0.0,418.86,138.86700000000002,PayPal,Express
20251214,1,32,1,1,1125.93,88.09,1037.84,197.83999999999992,Cash,Standard
20250507,7,78,1,1,34.08,0.0,34.08,6.087,Bank Transfer,Standard
20260116,5,67,3,3,131.26,0.0,393.78,120.80099999999999,Bank Transfer,Next Day
20250218,2,83,4,3,39.15,0.0,117.45,20.87100000000001,PayPal,Express
20250403,8,2,3,1,32.46,0.0,32.46,7.967000000000002,Bank Transfer,Next Day
20250917,5,47,1,4,148.91,73.63,522.01,158.038,Credit Card,Next Day
20250417,6,44,2,3,77.25,0.0,231.75,63.771000000000015,Cash,Express
20251029,2,76,4,3,43.58,0.0,130.74,34.161000000000016,Credit Card,Next Day
20250507,2,5,3,1,44.16,0.0,44.16,11.966999999999999,Cash,Express
20251130,5,15,3,3,120.48,0.0,361.44,88.46100000000001,Cash,Standard
20250515,7,39,3,1,34.39,5.27,29.12,1.1270000000000024,Bank Transfer,Standard
20250517,2,28,2,1,51.62,0.0,51.62,19.427,Bank Transfer,Standard
20250701,7,80,2,4,38.99,20.35,135.61,23.63800000000002,Bank Transfer,Express
20250628,4,95,2,1,455.41,106.88,348.53,68.53699999999998,Cash,Standard
20251122,8,32,1,1,33.79,6.8,26.99,2.497,PayPal,Express
20250402,4,45,3,1,367.48,40.08,327.4,47.40699999999998,Bank Transfer,Express
20250422,4,18,1,1,409.29,0.0,409.29,129.29700000000003,Bank Transfer,Standard
20250523,4,80,2,1,344.54,0.0,344.54,64.54700000000003,Bank Transfer,Express
20250622,1,19,4,2,1182.97,0.0,2365.94,685.94,PayPal,Express
20251017,4,87,2,1,348.51,47.26,301.25,21.257000000000005,Cash,Express
20250807,7,14,4,1,42.71,0.0,42.71,14.717000000000002,Bank Transfer,Standard
20251013,5,9,1,1,132.98,0.0,132.98,41.986999999999995,PayPal,Express
20250731,7,83,4,2,36.65,16.74,56.56,0.5740000000000052,Bank Transfer,Next Day
20250601,7,23,3,1,34.92,0.0,34.92,6.927000000000003,PayPal,Express
20250924,1,27,2,2,1143.86,0.0,2287.72,607.7199999999998,Bank Transfer,Express
20251231,5,21,1,1,111.72,20.77,90.95,-0.042999999999992156,Bank Transfer,Standard
20250408,7,33,2,1,43.31,0.0,43.31,15.317000000000004,Credit Card,Express
20250722,7,45,3,1,43.64,0.0,43.64,15.647000000000002,Cash,Standard
20251126,2,58,3,2,49.15,20.6,77.7,13.314000000000007,Bank Transfer,Next Day
20250513,6,68,1,5,79.89,0.0,399.45,119.48500000000001,PayPal,Standard
20260119,8,4,1,1,38.72,0.0,38.72,14.227,PayPal,Express
20260113,4,62,1,3,352.96,0.0,1058.88,218.90100000000007,PayPal,Standard
20250304,4,16,1,2,432.89,211.51,654.27,94.28399999999999,PayPal,Express
20250620,1,51,4,2,1172.43,136.28,2208.58,528.5799999999999,Cash,Standard
20250413,6,8,3,1,69.39,5.67,63.72,7.727000000000004,Credit Card,Next Day
20250705,1,49,1,1,1329.33,0.0,1329.33,489.3299999999999,Credit Card,Express
20250303,3,13,1,3,300.7,131.39,770.71,140.731,Credit Card,Standard
20251031,7,42,1,1,42.74,9.68,33.06,5.067000000000004,PayPal,Express
20251217,7,64,4,3,43.94,0.0,131.82,47.840999999999994,Cash,Express
20251028,3,79,1,4,258.43,0.0,1033.72,193.74800000000005,PayPal,Express
20250720,5,62,1,4,136.1,76.25,468.15,104.178,Credit Card,Express
20250620,1,43,1,1,1161.34,142.95,1018.39,178.39,Cash,Standard
20260201,6,39,3,2,85.3,0.0,170.6,58.614000000000004,Bank Transfer,Next Day
20260131,6,90,3,3,89.17,33.65,233.86,65.88100000000003,Cash,Next Day
20250425,7,94,2,3,35.57,0.0,106.71,22.730999999999995,Bank Transfer,Express
20250428,6,32,1,1,71.36,0.0,71.36,15.367000000000004,PayPal,Standard
20250630,5,39,3,1,121.86,0.0,121.86,30.867000000000004,Cash,Next Day
20251001,7,93,1,1,45.12,0.0,45.12,17.127,Bank Transfer,Standard
20251026,7,14,4,1,39.97,0.0,39.97,11.977,Cash,Next Day
20251114,6,54,1,3,82.72,0.0,248.16,80.18100000000001,Cash,Next Day
20250217,1,57,3,1,1162.01,0.0,1162.01,322.01,Bank Transfer,Express
20250412,2,12,1,3,41.74,0.0,125.22,28.641000000000005,PayPal,Standard
20250808,3,37,4,3,325.05,0.0,975.15,345.17099999999994,Bank Transfer,Next Day
20250710,1,23,3,1,1153.9,271.06,882.84,42.84000000000003,PayPal,Express
20250315,4,19,4,1,439.5,0.0,439.5,159.507,Cash,Express
20250723,7,23,3,1,43.18,9.25,33.93,5.937000000000001,Credit Card,Standard
20251123,5,22,2,1,144.85,0.0,144.85,53.857,Cash,Next Day
20251112,8,17,1,1,34.52,0.0,34.52,10.027000000000005,Bank Transfer,Next Day
20250718,2,43,1,2,45.27,0.0,90.54,26.15400000000001,Credit Card,Next Day
20251213,5,11,4,2,122.3,0.0,244.6,62.614000000000004,Credit Card,Express
20250806,4,17,1,3,455.45,0.0,1366.35,526.3709999999999,Cash,Next Day
20250409,2,42,1,3,39.63,15.97,102.92,6.341000000000008,Bank Transfer,Express
20251222,6,43,1,2,73.35,0.0,146.7,34.714,Bank Transfer,Standard
20260119,6,88,2,1,83.57,0.0,83.57,27.576999999999998,Bank Transfer,Express
20250513,1,48,1,1,1326.58,0.0,1326.58,486.5799999999999,PayPal,Standard
20250526,6,82,2,1,80.36,8.92,71.44,15.447000000000003,Cash,Express
20250719,6,75,1,1,90.32,0.0,90.32,34.327,Bank Transfer,Express
20250718,2,75,1,1,46.77,0.0,46.77,14.577000000000005,PayPal,Next Day
20250614,8,63,3,2,33.08,0.0,66.16,17.174,Cash,Next Day
20250909,4,76,4,2,412.92,0.0,825.84,265.85400000000004,PayPal,Standard
20250718,5,3,3,1,116.73,0.0,116.73,25.73700000000001,Cash,Next Day
20251109,7,62,1,2,36.26,13.84,58.68,2.6940000000000026,PayPal,Next Day
20250520,6,62,1,2,69.34,0.0,138.68,26.694000000000017,Bank Transfer,Next Day
20250628,2,23,3,1,52.3,3.76,48.54,16.347,Credit Card,Next Day
20250919,6,79,1,3,68.05,0.0,204.15,36.17100000000002,PayPal,Express
20251030,5,65,2,1,132.25,8.12,124.13,33.137,Credit Card,Standard
20250221,5,37,4,1,115.85,0.0,115.85,24.857,PayPal,Express
20250219,1,66,3,3,1305.72,0.0,3917.16,1397.1599999999999,Credit Card,Standard
20250922,7,27,2,2,35.25,0.0,70.5,14.514000000000003,PayPal,Next Day
20251208,2,24,1,2,40.57,0.0,81.14,16.754000000000005,Credit Card,Standard
20250316,6,44,2,1,76.64,0.0,76.64,20.647000000000006,Bank Transfer,Express
20251107,4,29,4,1,434.55,0.0,434.55,154.55700000000002,PayPal,Standard
20250519,3,99,3,4,255.51,0.0,1022.04,182.06799999999998,Bank Transfer,Next Day
20250629,1,53,1,4,1348.82,0.0,5395.28,2035.2799999999997,Cash,Next Day
20250328,1,10,3,2,1340.94,0.0,2681.88,1001.8800000000001,Credit Card,Next Day
20250916,5,40,2,2,141.67,28.89,254.45,72.464,PayPal,Next Day
20260124,2,55,1,2,45.81,0.0,91.62,27.23400000000001,Credit Card,Next Day
20250226,1,77,2,1,1191.45,186.36,1005.09,165.09000000000003,Bank Transfer,Express
20260121,6,100,4,2,79.8,0.0,159.6,47.614000000000004,Bank Transfer,Standard
20251120,2,81,2,2,49.43,0.0,98.86,34.474000000000004,Bank Transfer,Next Day
20250630,8,14,4,2,32.93,6.83,59.03,10.044000000000004,PayPal,Express
20250908,1,11,4,1,1364.25,0.0,1364.25,524.25,Credit Card,Next Day
20251223,8,31,3,2,38.77,0.0,77.54,28.55400000000001,Cash,Next Day
20250718,4,7,2,2,360.74,0.0,721.48,161.49400000000003,Bank Transfer,Standard
20250818,8,55,1,5,37.32,0.0,186.6,64.135,Bank Transfer,Standard
20251001,6,60,4,2,79.01,33.19,124.83,12.844000000000008,Credit Card,Next Day
20250315,4,89,3,2,357.86,0.0,715.72,155.73400000000004,Cash,Next Day
20260103,4,23,3,2,422.51,0.0,845.02,285.034,Cash,Next Day
20250511,5,74,1,3,142.58,0.0,427.74,154.76100000000002,Credit Card,Standard
20250217,6,41,2,1,74.01,0.0,74.01,18.01700000000001,PayPal,Express
20250317,4,16,1,1,456.12,0.0,456.12,176.127,Cash,Next Day
20251007,2,34,1,1,51.95,0.0,51.95,19.757000000000005,Cash,Next Day
20250606,2,100,4,3,43.45,0.0,130.35,33.771,Bank Transfer,Standard
20251029,5,5,3,3,148.74,0.0,446.22,173.24100000000004,PayPal,Express
20251104,3,14,4,3,307.45,57.54,864.81,234.8309999999999,PayPal,Standard
20250620,4,21,1,1,340.27,0.0,340.27,60.27699999999999,Credit Card,Standard
20260126,4,76,4,2,407.05,149.12,664.98,104.99400000000003,Credit Card,Next Day
20250622,5,95,2,1,111.98,0.0,111.98,20.98700000000001,PayPal,Express
20251109,8,20,3,3,38.02,0.0,114.06,40.581,Cash,Next Day
20251224,5,76,4,1,120.78,0.0,120.78,29.787000000000006,Bank Transfer,Next Day
20250212,5,94,2,1,123.71,0.0,123.71,32.717,Cash,Express
20250827,3,41,2,2,337.52,0.0,675.04,255.05399999999997,PayPal,Express
20251105,2,25,1,3,41.61,0.0,124.83,28.251000000000005,PayPal,Standard
20250510,4,31,3,5,362.04,432.56,1377.64,-22.324999999999818,PayPal,Next Day
20260116,4,29,4,3,456.48,246.8,1122.64,282.66100000000006,Credit Card,Standard
20250811,3,95,2,2,333.98,0.0,667.96,247.97400000000005,Bank Transfer,Next Day
20250923,2,41,2,2,39.34,0.0,78.68,14.294000000000011,Cash,Standard
20251215,1,38,2,4,1243.17,0.0,4972.68,1612.6800000000003,Bank Transfer,Express
20250429,4,16,1,2,413.2,0.0,826.4,266.414,Cash,Next Day
20251211,6,56,1,1,91.51,0.0,91.51,35.51700000000001,Bank Transfer,Standard
20250920,2,95,2,3,43.04,0.0,129.12,32.54100000000001,Credit Card,Next Day
20250316,5,87,2,3,147.77,0.0,443.31,170.33100000000002,Cash,Standard
20260127,4,95,2,3,372.89,0.0,1118.67,278.69100000000003,Bank Transfer,Next Day
20260201,2,20,3,2,49.53,0.0,99.06,34.67400000000001,PayPal,Next Day
20250324,7,42,1,3,35.71,0.0,107.13,23.150999999999996,Credit Card,Next Day
20250526,1,68,1,1,1035.45,206.23,829.22,-10.779999999999973,Cash,Standard
20251201,7,84,1,1,45.02,0.0,45.02,17.027000000000005,PayPal,Standard
20250426,2,21,1,1,45.84,0.0,45.84,13.647000000000006,Cash,Express
20251101,4,32,1,1,428.39,25.15,403.24,123.24700000000001,Bank Transfer,Next Day
20250307,1,93,1,1,1107.85,67.96,1039.89,199.8900000000001,PayPal,Express
20250515,6,13,1,3,90.05,0.0,270.15,102.17099999999999,Cash,Standard
20250619,1,52,1,1,1099.76,0.0,1099.76,259.76,Cash,Standard
20250524,3,78,1,1,327.5,71.9,255.6,45.607,Cash,Express
20250225,1,39,3,3,1369.87,0.0,4109.61,1589.6099999999997,PayPal,Next Day
20250427,4,84,1,1,340.99,0.0,340.99,60.997000000000014,Bank Transfer,Express
20250601,3,40,2,3,335.2,58.83,946.77,316.79099999999994,Bank Transfer,Next Day
20250508,2,67,3,2,48.41,0.0,96.82,32.434,Bank Transfer,Standard
20251213,7,56,1,1,43.9,0.0,43.9,15.907,Bank Transfer,Express
20251204,4,76,4,1,415.21,0.0,415.21,135.21699999999998,PayPal,Standard
20250218,5,54,1,1,149.28,0.0,149.28,58.287000000000006,PayPal,Next Day
20250817,3,2,3,2,262.26,127.28,397.24,-22.74599999999998,PayPal,Express
20251020,6,53,1,2,76.99,0.0,153.98,41.994,Credit Card,Next Day
20250607,4,77,2,2,402.13,0.0,804.26,244.274,Bank Transfer,Express
20250205,1,82,2,1,1198.69,125.9,1072.79,232.78999999999996,Cash,Express
20250303,1,92,1,1,1093.76,251.68,842.08,2.080000000000041,PayPal,Next Day
20251030,4,54,1,3,419.56,111.01,1147.67,307.69100000000003,Cash,Next Day
20250520,8,14,4,1,35.27,0.0,35.27,10.777000000000005,Cash,Next Day
20250703,2,84,1,1,46.88,9.08,37.8,5.606999999999999,PayPal,Next Day
20250706,2,8,3,3,47.04,0.0,141.12,44.54100000000001,PayPal,Next Day
20251103,5,46,1,1,148.46,0.0,148.46,57.46700000000001,Bank Transfer,Standard
20251229,5,90,3,2,118.76,0.0,237.52,55.53400000000002,Cash,Next Day
20250412,2,15,3,2,51.7,0.0,103.4,39.01400000000001,Bank Transfer,Next Day
20250427,6,32,1,2,86.52,0.0,173.04,61.054,Cash,Next Day
20251117,4,86,1,2,449.9,0.0,899.8,339.81399999999996,PayPal,Express
20251025,3,86,1,1,343.6,0.0,343.6,133.60700000000003,PayPal,Next Day
20250523,6,13,1,2,88.75,0.0,177.5,65.51400000000001,Cash,Next Day
20250412,8,55,1,1,39.37,7.71,31.66,7.167000000000002,Cash,Next Day
20251002,5,73,2,5,128.04,141.25,498.95,43.985000000000014,Bank Transfer,Next Day
20250822,4,22,2,1,374.6,85.63,288.97,8.977000000000032,Cash,Standard
20250818,6,46,1,3,86.91,0.0,260.73,92.75100000000003,Bank Transfer,Standard
20250312,1,14,4,1,1167.71,0.0,1167.71,327.71000000000004,Credit Card,Next Day
20250913,6,92,1,3,68.76,11.96,194.32,26.341000000000008,Cash,Standard
20251129,7,30,1,1,44.74,0.0,44.74,16.747000000000003,Cash,Standard
20250922,3,8,3,3,259.23,0.0,777.69,147.711,PayPal,Standard
20251024,7,96,3,1,40.3,0.0,40.3,12.306999999999999,PayPal,Next Day
20250310,8,85,3,2,32.84,14.69,50.99,2.004000000000005,Credit Card,Next Day
20260114,3,16,1,2,288.78,0.0,577.56,157.57399999999996,PayPal,Express
20251026,2,38,2,3,39.33,0.0,117.99,21.411,Bank Transfer,Express
20250525,5,50,1,2,126.19,0.0,252.38,70.394,Credit Card,Next Day
20251003,7,36,4,1,39.61,0.0,39.61,11.617,Cash,Express
20250513,3,50,1,3,257.67,0.0,773.01,143.03099999999995,Credit Card,Express
20250916,4,6,2,2,414.47,0.0,828.94,268.95400000000006,Bank Transfer,Standard
20250324,5,53,1,4,143.55,0.0,574.2,210.22800000000007,Credit Card,Express
20250704,5,80,2,1,124.25,0.0,124.25,33.257000000000005,PayPal,Next Day
20251006,7,39,3,1,44.13,0.0,44.13,16.137000000000004,Bank Transfer,Standard
20251103,8,87,2,3,31.24,0.0,93.72,20.241,PayPal,Standard
20251204,3,55,1,2,277.66,0.0,555.32,135.33400000000006,Bank Transfer,Express
20250724,7,4,1,1,44.43,0.0,44.43,16.437,Bank Transfer,Next Day
20250809,4,27,2,5,384.59,0.0,1922.95,522.9850000000001,Cash,Standard
20251217,2,31,3,1,39.32,6.12,33.2,1.007000000000005,PayPal,Next Day
20250917,4,55,1,1,373.62,0.0,373.62,93.62700000000001,Bank Transfer,Next Day
20251020,1,99,3,5,1248.02,0.0,6240.1,2040.1000000000004,Credit Card,Standard
20251124,8,41,2,3,35.36,0.0,106.08,32.601,Cash,Express
20250925,5,26,2,2,123.04,34.44,211.64,29.653999999999996,Credit Card,Next Day
20250817,5,63,3,1,135.02,17.94,117.08,26.087000000000003,Credit Card,Standard
20250304,1,96,3,1,1323.28,304.79,1018.49,178.49,PayPal,Standard
20250615,1,91,3,2,1341.37,391.39,2291.35,611.3499999999999,Bank Transfer,Next Day
20250429,4,55,1,2,428.02,0.0,856.04,296.054,Bank Transfer,Express
20250621,6,68,1,3,71.34,0.0,214.02,46.041000000000025,Cash,Express
20251107,6,78,1,2,89.7,0.0,179.4,67.41400000000002,Cash,Next Day
20250428,3,76,4,3,342.5,142.86,884.64,254.66099999999994,Bank Transfer,Standard
20260113,2,60,4,1,45.37,0.0,45.37,13.177,PayPal,Express
20250801,5,47,1,1,119.87,0.0,119.87,28.87700000000001,PayPal,Standard
20251120,5,40,2,1,115.06,20.02,95.04,4.047000000000011,Bank Transfer,Next Day
20250828,6,38,2,1,85.32,0.0,85.32,29.326999999999998,Cash,Next Day
20260203,7,73,2,4,44.75,0.0,179.0,67.028,Credit Card,Standard
20250409,2,6,2,3,44.28,0.0,132.84,36.26100000000001,Credit Card,Express
20250407,6,97,2,4,90.3,0.0,361.2,137.228,PayPal,Express
20251011,6,10,3,2,86.11,0.0,172.22,60.23400000000001,Cash,Next Day
20250518,6,36,4,1,72.57,0.0,72.57,16.576999999999998,Cash,Next Day
20260112,2,90,3,1,52.37,0.0,52.37,20.177,PayPal,Next Day
20250926,7,24,1,1,40.05,0.0,40.05,12.056999999999999,Bank Transfer,Express
20251116,5,75,1,2,122.1,33.69,210.51,28.524,Cash,Next Day
20250704,7,10,3,1,38.4,6.36,32.04,4.047000000000001,Bank Transfer,Next Day
20250323,8,48,1,4,32.66,0.0,130.64,32.66799999999999,Credit Card,Standard
20250708,2,43,1,2,45.72,0.0,91.44,27.054000000000002,Cash,Next Day
20250619,1,42,1,1,1356.26,0.0,1356.26,516.26,Cash,Express
20251117,7,35,2,4,34.49,32.92,105.04,-6.931999999999988,Cash,Standard
20250226,7,21,1,2,36.64,7.0,66.28,10.294000000000004,Credit Card,Standard
20250807,7,36,4,4,35.03,32.96,107.16,-4.811999999999998,Bank Transfer,Express
20250208,8,39,3,1,32.09,0.0,32.09,7.597000000000005,Cash,Express
20250622,5,36,4,2,128.62,45.04,212.2,30.214,Bank Transfer,Next Day
20250910,6,38,2,4,89.45,0.0,357.8,133.82800000000003,Cash,Standard
20250606,2,52,1,4,48.47,35.59,158.29,29.518,Credit Card,Express
20251214,7,43,1,1,43.6,3.17,40.43,12.437000000000001,Credit Card,Next Day
20250908,1,7,2,3,1243.43,0.0,3730.29,1210.29,Bank Transfer,Standard
20250703,6,31,3,2,76.8,0.0,153.6,41.614000000000004,Credit Card,Express
20250423,2,40,2,1,44.97,0.0,44.97,12.777000000000001,Bank Transfer,Standard
20250313,8,24,1,1,31.91,0.0,31.91,7.417000000000002,Credit Card,Express
20250831,1,96,3,2,1273.82,0.0,2547.64,867.6399999999999,Bank Transfer,Next Day
